domain,length,entropy,predict,dga,legit
securelogin.microsoft.com,25,3.653660689688186,dga,1,3.3790187129454445e-18
xj29q8v2k3l0z9a.com,19,4.037401197654112,dga,1,3.3790187129454445e-18
github.com,10,3.3219280948873626,legit,0,1.0
a8b7c6d5e4f3g2h1.com,20,4.221928094887363,dga,1,3.3790187129454445e-18
